Trail,impactNeighbors,investment,infiltration,dollarsPerGallon,damageReduction,capacityUsed,waterFlowPath,maxFloodedArea
T1,0.47298,0.277703,0.12606,1,0.51684,0.57322,0.64893,0.44657
T2,0.0784,0.87482,0.44734,0.63778,1,0.84484,0.36848,0.36853
T3,0.2099,0.75628,0.56783,0.58295,1,0.68347,0.22374,0.39755
T4,1,0.01837,0.68423,0.93273,0.67832,0.02847,0.83647,0.84638
T5,0.5859,0.58465,0.01634,0.66816,0.34485,0.47383,0.79473,0.63623
T6,0,0.68589,1,0.97309,1,0.74983,0.59327,0.01874
